Date,Price
15/03/2010,"£172,500.00 "
,
,
,
22/06/2010,"£165,000.00 "
,
,
,
23/03/2010,"£120,000.00 "
,
,
,
14/05/2010,"£31,500.00 "
,
,
17/06/2010,"£162,500.00 "
,
,
12/03/2010,"£225,000.00 "
,
,
12/04/2010,"£85,000.00 "
,
,
17/03/2010,"£70,600 "
,
,
24/05/2010,"£80,000.00 "
,
,
,
04/06/2010,"£79,000.00 "
,
,
14/04/2010,"£145,000 "
,
,
,
04/02/2010,"£150,000.00 "
,
,
31/05/2010,"£120,000.00 "
,
,
,
10/05/2010,"£48,000 "
,
,
,
11/02/2010,"£80,000.00 "
,
,
,
14/01/2010,"£85,000.00 "
,
,
07/04/2010,"£114,000.00 "
,
,
,
09/06/2010,"£92,000.00 "
,
,
31/03/2010,"£225,000.00 "
,
,
07/01/2010,"£79,995.00 "
,
,
18/01/2010,"£77,000.00 "
,
,
01/04/2010,"£62,000.00 "
,
,
04/06/2010,"£120,000 "
,
,
,
08/03/2010,"£40,000.00 "
,
,
22/02/2010,"£98,000.00 "
,
,
,
13/05/2010,"£63,500.00 "
,
,
,
06/04/2010,"£87,000.00 "
,
,
,
05/03/2010,"£65,000.00 "
,
,
,
02/03/2010,"£89,995.00 "
,
,
,
08/06/2010,"£88,500.00 "
,
,
,
28/05/2010,"£100,000.00 "
,
,
,
04/06/2010,"£76,500.00 "
,
,
,
18/05/2010,"£103,000.00 "
,
,
,
12/03/2010,"£84,000.00 "
,
,
,
23/06/2010,"£245,000.00 "
,
,
,
08/01/2010,"£84,000.00 "
,
,
,
12/02/2010,"£85,000.00 "
,
,
,
01/06/2010,"£74,995.00 "
,
,
09/03/2010,"£72,000.00 "
,
,
,
,
16/06/2010,"£87,000.00 "
,
,
07/06/2010,"£132,995 "
,
,
,
18/05/2010,"£72,000.00 "
,
,
,
17/06/2010,"£78,000.00 "
,
,
,
24/02/2010,"£320,000.00 "
,
,
14/05/2010,"£114,000.00 "
,
,
02/03/2010,"£127,000.00 "
,
,
,
29/04/2010,"£75,000.00 "
,
,
03/03/2010,"£35,175 "
,
,
03/03/2010,"£75,000 "
,
,
29/06/2010,"£70,000.00 "
,
26/08/2010,"£80,000.00 "
,
,
,
13/12/2010,"£112,000.00 "
,
,
,
27/08/2010,"£236,350.00 "
,
,
15/10/2010,"£250,000.00 "
,
,
29/09/2010,"£75,000.00 "
,
,
13/10/2010,"£103,000 "
,
,
,
23/11/2010,"£73,000.00 "
,
,
19/11/2010,"£1,000.00 "
,
,
19/10/2010,"£75,000 "
,
,
09/11/2010,"£155,000.00 "
,
,
,
05/11/2010,"£106,500.00 "
,
,
,
24/12/2010,"£100,000.00 "
,
,
,
16/09/2010,"£235,000 "
,
,
03/08/2010,"£371,300.00 "
,
,
12/07/2010,"£68,000.00 "
,
,
,
25/10/2010,"£25,090.00 "
,
,
,
18/11/2010,"£72,000.00 "
,
,
,
03/12/2010,"£36,000.00 "
,
,
,
02/07/2010,"£90,000.00 "
,
,
,
04/11/2010,"£42,000.00 "
,
,
17/11/2010,"£110,000.00 "
,
,
,
21/12/2010,"£245,500 "
,
,
10/09/2010,"£67,000 "
,
,
18/11/2010,"£77,000.00 "
,
,
31/08/2010,"£81,000.00 "
,
,
16/11/2010,"£50,050.00 "
,
,
07/09/2010,"£95,000.00 "
,
,
12/07/2010,"£35,000.00 "
,
,
12/07/2010,"£68,000.00 "
,
,
04/11/2010,"£78,000.00 "
,
,
01/09/2010,"£78,500.00 "
,
,
,
17/11/2010,"£93,000 "
,
,
,
27/10/2010,"£104,995.00 "
,
,
,
29/09/2010,"£365,000.00 "
,
,
12/07/2010,"£275,500 "
,
,
25/08/2010,"£131,250 "
,
,
,
11/10/2010,"£220,000.00 "
,
,
,
25/10/2010,"£211,564 "
,
,
10/09/2010,"£195,000.00 "
,
,
05/08/2010,"£129,995.00 "
,
,
,
16/11/2010,"£85,000.00 "
,
,
,
05/08/2010,"£69,000.00 "
,
,
,
23/07/2010,"£124,995 "
,
,
,
07/07/2010,"£79,200.00 "
,
,
,
10/11/2010,"£209,995.00 "
,
,
08/11/2010,"£210,000.00 "
,
,
14/12/2010,"£313,000.00 "
,
,
05/07/2010,"£286,000.00 "
,
,
31/08/2010,"£350,000.00 "
,
,
23/09/2010,"£120,000.00 "
,
,
04/05/2011,"£162,500.00 "
,
,
,
09/02/2011,"£117,500.00 "
,
,
,
14/04/2011,"£57,500.00 "
,
,
,
15/03/2011,"£81,250.00 "
,
,
12/04/2011,"£75,000.00 "
,
,
26/01/2011,"£134,000.00 "
,
,
,
15/06/2011,"£50,000.00 "
,
,
,
15/03/2011,"£57,000.00 "
,
,
,
,
06/05/2011,"£84,000.00 "
,
,
,
08/02/2011,"£93,000.00 "
,
,
,
,
18/05/2011,"£217,000 "
,
,
,
04/05/2011,"£80,000.00 "
,
,
19/04/2011,"£70,000.00 "
,
,
02/05/2011,"£89,950 "
,
,
01/04/2011,"£75,000.00 "
,
,
21/01/2011,"£105,000.00 "
,
,
27/04/2011,"£75,000.00 "
,
,
26/05/2011,"£37,500 "
,
,
24/05/2011,"£29,000.00 "
,
,
24/03/2011,"£90,000.00 "
,
,
28/02/2011,"£101,500.00 "
,
,
28/02/2011,"£101,500.00 "
,
,
,
28/02/2011,"£101,500.00 "
,
,
28/02/2011,"£101,500.00 "
,
,
28/02/2011,"£101,500.00 "
,
,
,
10/03/2011,"£84,500.00 "
,
,
,
26/01/2011,"£76,000.00 "
,
,
,
03/06/2011,"£131,250.00 "
,
,
,
14/06/2011,"£370,000.00 "
,
,
,
07/03/2011,"£92,000 "
,
,
,
22/04/2011,"£75,000.00 "
,
,
,
07/03/2011,"£75,000.00 "
,
,
26/01/2011,"£192,500.00 "
,
,
30/06/2011,"£320,000.00 "
,
,
14/04/2011,"£230,000 "
,
,
04/03/2011,"£85,000.00 "
,
,
,
21/06/2011,"£63,000.00 "
,
,
17/03/2011,"£50,000.00 "
,
,
07/04/2011,"£50,000.00 "
,
,
02/05/2011,"£42,000.00 "
,
,
28/02/2011,"£101,500.00 "
,
,
28/02/2011,"£101,500.00 "
,
,
28/02/2011,"£101,500.00 "
,
,
28/02/2011,"£101,500.00 "
,
,
28/02/2011,"£101,500.00 "
,
,
28/02/2011,"£101,500.00 "
,
,
06/01/2011,"£92,000.00 "
,
,
14/03/2011,"£88,500 "
,
,
,
30/05/2011,"£104,000.00 "
,
,
,
13/01/2011,"£75,000.00 "
,
,
20/10/2011,"£240,000.00 "
,
,
15/11/2011,"£171,000 "
,
,
02/12/2011,"£180,000.00 "
,
,
27/07/2011,"£75,000.00 "
,
,
05/07/2011,"£125,000 "
,
,
04/11/2011,"£170,000.00 "
,
,
02/12/2011,"£69,000.00 "
,
,
17/10/2011,"£395,000 "
,
,
28/07/2011,"£8,000.00 "
,
,
06/07/2011,"£75,000 "
,
,
12/12/2011,"£140,000.00 "
,
,
05/07/2011,"£70,000.00 "
,
,
,
29/11/2011,"£1,168,500 "
,
,
29/11/2011,"£1,168,500 "
,
,
29/11/2011,"£1,168,500 "
,
,
29/11/2011,"£1,168,500 "
,
,
16/12/2011,"£238,050 "
,
,
14/09/2011,"£245,000 "
,
,
31/08/2011,"£64,500.00 "
,
,
,
16/11/2011,"£33,000 "
,
,
,
16/12/2011,"£76,000 "
,
,
02/12/2011,"£55,000.00 "
,
,
03/08/2011,"£63,000.00 "
,
,
23/08/2011,"£81,000.00 "
,
,
19/12/2011,"£45,000.00 "
,
,
23/09/2011,"£74,000.00 "
,
,
,
04/08/2011,"£90,000.00 "
,
,
,
31/10/2011,"£270,000.00 "
,
,
03/11/2011,"£325,000.00 "
,
,
26/08/2011,"£300,000.00 "
,
,
09/09/2011,"£82,000.00 "
,
,
,
29/07/2011,"£88,000.00 "
,
,
,
06/10/2011,"£285,000 "
,
,
12/08/2011,"£462,128 "
,
,
05/07/2011,"£195,000.00 "
,
,
12/07/2011,"£109,995.00 "
,
,
,
06/07/2011,"£106,995.00 "
,
,
,
31/10/2011,"£130,000 "
,
,
13/10/2011,"£177,800.00 "
,
,
10/10/2011,"£186,500 "
,
,
22/11/2011,"£165,000 "
,
,
01/12/2011,"£250,000 "
,
,
19/08/2011,"£290,000.00 "
,
,
02/11/2011,"£331,295.00 "
,
,
23/12/2011,"£278,000.00 "
,
,
10/10/2011,"£105,000.00 "
,
,
07/09/2011,"£143,500.00 "
,
,
01/12/2011,"£83,500.00 "
,
,
03/08/2011,"£70,000.00 "
,
,
,
30/12/2011,"£79,950.00 "
,
,
03/04/2012,"£221,000.00 "
,
,
,
20/06/2012,"£110,000 "
,
,
,
07/05/2012,"£175,000 "
,
,
,
06/04/2012,"£147,500.00 "
,
,
23/04/2012,"£100,000 "
,
,
05/04/2012,"£93,000.00 "
,
,
16/02/2012,"£65,000.00 "
,
,
,
09/05/2012,"£58,500 "
,
,
,
27/01/2012,"£72,000.00 "
,
,
09/05/2012,"£78,000 "
,
,
,
06/03/2012,"£70,000.00 "
,
,
26/03/2012,"£79,000.00 "
,
,
05/03/2012,"£82,000.00 "
,
,
18/06/2012,"£412,500 "
,
,
26/03/2012,"£131,077.00 "
,
,
,
01/02/2012,£1.00 
,
,
19/01/2012,"£300,000 "
,
,
15/05/2012,"£128,000.00 "
,
,
21/06/2012,"£70,000 "
,
,
,
28/05/2012,"£47,500 "
,
,
,
31/01/2012,"£49,000.00 "
,
,
,
24/04/2012,"£193,500 "
,
,
11/05/2012,"£105,000 "
,
,
09/01/2012,"£55,000.00 "
,
,
30/05/2012,"£90,000 "
,
,
23/05/2012,"£28,500 "
,
,
,
11/05/2012,"£75,000 "
,
,
,
06/04/2012,"£40,000.00 "
,
,
,
,
26/06/2012,"£212,000 "
,
,
,
30/03/2012,"£52,000.00 "
,
,
27/02/2012,"£64,000.00 "
,
,
13/06/2012,"£42,500 "
,
,
,
01/05/2012,"£245,000 "
,
,
27/06/2012,"£180,000 "
,
,
19/04/2012,"£165,000 "
,
,
25/05/2012,"£380,000 "
,
,
09/05/2012,"£302,500 "
,
,
30/04/2012,"£41,000 "
,
,
10/05/2012,"£70,000 "
,
,
,
03/05/2012,"£90,000 "
,
,
05/04/2012,"£28,000.00 "
,
,
26/04/2012,"£200,000 "
,
,
,
07/06/2012,"£60,500 "
,
,
,
12/01/2012,"£155,000.00 "
,
,
03/04/2012,"£148,000.00 "
,
,
13/02/2012,"£110,000.00 "
,
,
07/02/2012,"£32,000.00 "
,
,
,
25/01/2012,"£63,000.00 "
,
,
23/03/2012,"£22,200.00 "
,
,
,
08/02/2012,"£100,000.00 "
,
25/07/2012,"£150,000 "
,
,
,
27/08/2012,"£106,000 "
,
,
,
12/07/2012,"£166,000 "
,
,
15/11/2012,"£70,000 "
,
,
11/12/2012,"£65,000 "
,
,
22/08/2012,"£111,000 "
,
,
19/12/2012,"£40,000 "
,
,
,
12/09/2012,"£56,481.25 "
,
,
12/09/2012,"£56,481.25 "
,
,
17/09/2012,"£105,081.25 "
,
,
17/09/2012,"£105,081.25 "
,
,
19/12/2012,"£83,000 "
,
,
,
10/07/2012,"£102,500 "
,
,
,
29/08/2012,"£69,000 "
,
,
,
19/12/2012,"£60,000 "
,
,
,
27/08/2012,"£18,000 "
,
,
04/10/2012,"£132,000 "
,
,
17/09/2012,"£85,000 "
,
,
08/10/2012,"£70,000 "
,
,
24/07/2012,"£467,000 "
,
,
01/11/2012,"£124,995 "
,
,
,
26/07/2012,"£137,500 "
,
,
,
25/10/2012,"£125,000 "
,
,
,
18/12/2012,"£142,000 "
,
,
,
05/09/2012,"£137,000 "
,
,
,
24/12/2012,"£54,500 "
,
,
10/12/2012,"£243,000 "
,
,
12/07/2012,"£72,000 "
,
,
,
03/07/2012,"£29,700 "
,
,
,
05/10/2012,"£66,280 "
,
,
,
27/08/2012,"£38,400 "
,
,
,
10/07/2012,"£15,000 "
,
,
17/08/2012,"£184,000 "
,
,
17/12/2012,"£198,000 "
,
,
19/09/2012,"£73,000 "
,
,
06/11/2012,"£97,000 "
,
,
12/07/2012,"£36,000 "
,
,
03/10/2012,"£55,000 "
,
,
09/08/2012,"£30,000 "
,
,
16/11/2012,"£64,000 "
,
,
,
30/08/2012,"£67,000 "
,
,
,
,
05/10/2012,"£68,500 "
,
,
,
26/11/2012,"£57,000 "
,
,
,
08/08/2012,"£280,500 "
,
,
05/10/2012,"£45,000 "
,
,
09/11/2012,"£54,000 "
,
,
,
02/07/2012,"£30,000 "
,
,
,
08/08/2012,"£295,799 "
,
,
22/10/2012,"£280,000 "
,
,
29/11/2012,"£280,000 "
,
18/04/2013,"£100,000 "
,
,
,
26/06/2013,"£193,000 "
,
,
05/02/2013,"£72,000 "
,
,
27/06/2013,"£60,000 "
,
,
05/06/2013,"£240,000 "
,
,
23/05/2013,"£245,000 "
,
,
01/05/2013,"£40,000 "
,
,
31/05/2013,"£60,495 "
,
,
12/06/2013,"£247,366 "
,
,
,
02/04/2013,"£57,000 "
,
,
,
25/02/2013,"£50,500 "
,
,
,
04/04/2013,"£64,500 "
,
,
24/01/2013,"£71,000 "
,
,
,
26/02/2013,"£150,000 "
,
,
20/05/2013,"£300,000 "
,
,
06/02/2013,"£230,231 "
,
,
20/05/2013,"£245,500 "
,
,
01/02/2013,"£190,000 "
,
,
28/06/2013,"£87,500 "
,
,
13/03/2013,"£105,000 "
,
,
09/01/2013,"£40,000 "
,
,
,
03/06/2013,"£42,000 "
,
,
,
26/02/2013,"£57,000 "
,
,
,
04/04/2013,"£68,527 "
,
,
,
13/02/2013,"£105,000 "
,
,
,
10/04/2013,"£212,000 "
,
,
,
18/04/2013,"£173,000 "
,
,
07/02/2013,"£43,150 "
,
,
20/05/2013,"£52,000 "
,
,
21/01/2013,"£82,000 "
,
,
01/02/2013,"£70,000 "
,
,
14/03/2013,"£59,500 "
,
,
24/06/2013,"£72,500 "
,
,
22/04/2013,"£61,000 "
,
,
07/06/2013,"£50,000 "
,
,
,
02/05/2013,"£87,000 "
,
,
,
31/01/2013,"£249,995 "
,
,
18/02/2013,"£50,001 "
,
,
,
01/03/2013,"£22,000 "
,
,
,
22/03/2013,"£46,000 "
,
,
,
17/05/2013,"£299,000 "
,
,
22/04/2013,"£102,000 "
,
,
,
20/06/2013,"£186,226 "
,
,
05/02/2013,"£315,650 "
,
,
13/02/2013,"£365,111 "
,
,
05/04/2013,"£84,770 "
,
,
05/04/2013,"£135,000 "
,
,
14/05/2013,"£40,000 "
,
,
,
30/04/2013,"£135,000 "
,
,
25/03/2013,"£130,000 "
,
07/11/2013,"£84,000 "
,
,
,
13/12/2013,"£90,000 "
,
,
,
31/10/2013,"£80,000 "
,
,
,
15/07/2013,"£377,500 "
,
,
20/12/2013,"£57,000 "
,
,
31/10/2013,"£70,000 "
,
,
,
23/07/2013,"£92,000 "
,
,
12/11/2013,"£73,000 "
,
,
20/11/2013,"£63,000 "
,
,
13/11/2013,"£75,000 "
,
,
,
31/07/2013,"£275,000 "
,
,
,
12/11/2013,"£47,500 "
,
,
11/11/2013,"£50,000 "
,
,
,
04/12/2013,"£64,000 "
,
,
,
03/10/2013,"£30,000 "
,
,
,
20/09/2013,"£56,500 "
,
,
,
04/10/2013,"£145,000 "
,
,
,
11/12/2013,"£155,000 "
,
,
,
30/10/2013,"£80,000 "
,
,
30/10/2013,"£80,000 "
,
,
30/10/2013,"£80,000 "
,
,
30/10/2013,"£80,000 "
,
,
20/08/2013,"£120,000 "
,
,
,
08/10/2013,£1.00 
,
,
31/07/2013,"£82,500 "
,
,
,
25/09/2013,"£78,500 "
,
,
,
04/09/2013,"£302,500 "
,
,
13/09/2013,"£30,000 "
,
,
19/12/2013,"£80,000 "
,
,
20/12/2013,"£67,000 "
,
,
,
21/08/2013,"£65,000 "
,
,
,
16/10/2013,"£78,500 "
,
,
,
23/09/2013,"£70,000 "
,
,
21/11/2013,"£61,000 "
,
,
11/07/2013,"£54,500 "
,
,
20/11/2013,"£48,000 "
,
,
24/12/2013,"£73,000 "
,
,
25/10/2013,"£88,000 "
,
,
06/11/2013,"£99,500 "
,
,
19/07/2013,"£80,000 "
,
,
19/07/2013,"£80,000 "
,
,
09/09/2013,"£70,000 "
,
,
17/10/2013,"£73,000 "
,
,
21/08/2013,"£78,500 "
,
,
21/08/2013,"£78,500 "
,
,
21/10/2013,"£49,000 "
,
,
16/12/2013,"£64,500 "
,
,
,
04/11/2013,"£70,000 "
,
,
,
04/11/2013,"£71,000 "
,
,
,
12/09/2013,"£59,000 "
,
,
09/06/2014,"£176,000 "
,
,
,
14/02/2014,"£176,350 "
,
,
20/01/2014,"£85,000 "
,
,
27/05/2014,"£261,283 "
,
,
05/06/2014,"£235,000 "
,
,
07/05/2014,"£54,000 "
,
,
08/01/2014,"£85,000 "
,
,
,
,
31/01/2014,"£82,995 "
,
,
,
14/01/2014,"£74,000 "
,
,
,
,
21/01/2014,"£53,000 "
,
,
18/02/2014,"£70,000 "
,
,
30/05/2014,"£275,000 "
,
,
,
30/05/2014,"£275,000 "
,
,
08/04/2014,"£93,000 "
,
,
17/06/2014,"£45,000 "
,
,
11/06/2014,"£106,500 "
,
,
22/01/2014,"£317,200 "
,
,
26/05/2014,"£300,000 "
,
,
06/02/2014,"£90,000 "
,
,
13/06/2014,"£400,000 "
,
,
01/04/2014,"£52,000 "
,
,
,
20/06/2014,"£49,000 "
,
,
,
18/06/2014,"£93,000 "
,
,
,
09/06/2014,"£21,000 "
,
,
,
14/05/2014,"£80,000 "
,
,
12/03/2014,"£35,000 "
,
,
,
20/02/2014,"£57,500 "
,
,
07/05/2014,"£165,250 "
,
,
23/06/2014,"£220,500 "
,
,
27/06/2014,"£190,000 "
,
,
08/04/2014,"£50,000 "
,
,
27/06/2014,"£75,000 "
,
,
05/02/2014,"£70,000 "
,
,
24/01/2014,"£73,000 "
,
,
28/05/2014,"£65,000 "
,
,
03/06/2014,"£40,000 "
,
,
11/02/2014,"£70,000 "
,
,
,
29/05/2014,"£65,000 "
,
,
07/03/2014,"£52,000 "
,
,
29/05/2014,"£50,000 "
,
,
25/06/2014,"£20,000 "
,
,
,
14/03/2014,"£80,000 "
,
,
,
31/03/2014,"£56,775 "
,
,
,
21/02/2014,"£83,500 "
,
,
,
16/06/2014,"£60,500 "
,
,
,
06/03/2014,"£43,250 "
,
,
27/06/2014,"£85,000 "
,
,
02/06/2014,"£643,111 "
,
,
07/05/2014,"£185,000 "
,
,
20/02/2014,"£160,000 "
,
,
,
24/07/2014,"£80,000 "
,
,
,
16/12/2014,"£77,500 "
,
,
,
02/12/2014,"£75,000 "
,
,
,
24/07/2014,"£85,000 "
,
,
,
04/08/2014,"£125,000 "
,
,
,
02/12/2014,"£89,950 "
,
,
,
03/09/2014,"£537,000 "
,
,
26/11/2014,"£213,000 "
,
,
21/08/2014,"£512,386 "
,
,
03/12/2014,"£240,000 "
,
,
24/11/2014,"£54,000 "
,
,
,
24/11/2014,"£1,811,644 "
,
,
,
15/07/2014,"£74,000 "
,
,
03/07/2014,"£95,000 "
,
,
,
03/10/2014,"£82,995 "
,
,
,
24/12/2014,"£92,500 "
,
,
16/07/2014,"£63,500 "
,
,
,
15/09/2014,"£67,000 "
,
,
14/08/2014,"£131,808 "
,
,
,
11/12/2014,"£295,000 "
,
,
,
19/08/2014,"£140,000 "
,
,
,
24/09/2014,"£690,000 "
,
,
23/10/2014,"£141,150 "
,
,
04/11/2014,"£130,000 "
,
,
08/08/2014,"£195,195 "
,
,
07/11/2014,"£77,000 "
,
,
,
14/10/2014,"£122,500 "
,
,
,
11/08/2014,"£76,500 "
,
,
28/08/2014,"£105,000 "
,
,
24/09/2014,"£690,000 "
,
,
,
24/09/2014,"£690,000 "
,
,
,
23/07/2014,"£76,000 "
,
,
,
08/08/2014,"£97,500 "
,
,
,
03/11/2014,"£70,000 "
,
,
01/10/2014,"£185,000 "
,
,
19/08/2014,"£201,500 "
,
,
03/11/2014,"£216,500 "
,
,
01/12/2014,"£222,600 "
,
,
02/12/2014,"£98,000 "
,
,
04/07/2014,"£79,500 "
,
,
16/07/2014,"£84,950 "
,
,
25/11/2014,"£58,000 "
,
,
26/09/2014,"£27,500 "
,
,
05/11/2014,"£90,000 "
,
,
30/10/2014,"£140,000 "
,
,
27/08/2014,"£46,000 "
,
,
17/10/2014,"£54,000 "
,
,
18/12/2014,"£47,500 "
,
,
,
21/07/2014,"£95,000 "
,
,
,
07/08/2014,"£68,500 "
,
,
,
,
16/02/2015,"£77,000.00 "
,
,
,
24/02/2015,"£80,000 "
,
,
,
15/06/2015,"£89,995 "
,
,
,
09/03/2015,"£80,000 "
,
,
,
23/01/2015,"£83,000 "
,
,
,
17/04/2015,"£102,000 "
,
,
06/03/2015,"£60,000 "
,
,
27/01/2015,"£56,000 "
,
,
07/04/2015,"£60,000 "
,
,
13/01/2015,"£95,000 "
,
,
,
21/04/2015,"£82,000 "
,
,
,
15/05/2015,"£74,000 "
,
,
,
03/02/2015,"£60,000 "
,
,
16/01/2015,"£116,000 "
,
,
,
23/04/2015,"£100,000 "
,
,
16/06/2015,"£125,800 "
,
,
,
27/02/2015,"£64,000 "
,
,
,
13/02/2015,"£87,500 "
,
,
10/03/2015,"£26,198.49 "
,
,
,
20/01/2015,"£80,000 "
,
,
,
24/02/2015,"£60,784 "
,
,
,
18/06/2015,"£39,000 "
,
,
,
04/06/2015,"£77,000 "
,
,
,
02/02/2015,"£26,600 "
,
,
,
08/01/2015,"£31,500 "
,
,
,
20/03/2015,"£75,000 "
,
,
20/02/2015,"£264,000 "
,
,
24/02/2015,"£30,000 "
,
,
09/03/2015,"£50,000 "
,
,
04/03/2015,"£78,100 "
,
,
29/01/2015,"£53,000 "
,
,
11/06/2015,"£270,000 "
,
,
28/04/2015,"£94,000 "
,
,
11/03/2015,"£54,000 "
,
,
11/03/2015,"£47,250 "
,
,
03/03/2015,"£45,000 "
,
,
05/03/2015,"£68,000 "
,
,
08/01/2015,"£406,875 "
,
,
26/03/2015,"£80,000 "
,
,
19/06/2015,"£60,000 "
,
,
,
09/06/2015,"£68,068 "
,
,
,
09/02/2015,"£100,000 "
,
,
,
15/01/2015,"£228,000 "
,
,
,
21/05/2015,"£79,000 "
,
,
,
07/05/2015,"£63,995 "
,
,
,
08/01/2015,"£406,875 "
,
,
,
04/06/2015,"£58,000 "
,
,
,
26/03/2015,"£56,000 "
,
,
,
16/04/2015,"£330,000 "
,
,
14/05/2015,"£191,000 "
,
,
,
30/10/2015,"£110,000 "
,
,
,
02/12/2015,"£95,750 "
,
,
,
05/08/2015,"£251,500 "
,
,
13/11/2015,"£45,000 "
,
,
14/07/2015,"£115,000 "
,
,
02/07/2015,"£81,342 "
,
,
23/12/2015,"£243,137 "
,
,
27/07/2015,"£254,000 "
,
,
13/07/2015,"£68,000 "
,
,
22/12/2015,"£58,000 "
,
,
23/09/2015,"£82,500 "
,
,
,
04/11/2015,"£90,800 "
,
,
,
07/12/2015,"£80,000 "
,
,
,
14/07/2015,"£77,500 "
,
,
07/12/2015,"£80,000 "
,
,
,
23/07/2015,"£64,000 "
,
,
,
24/07/2015,"£66,500 "
,
,
16/07/2015,"£62,500 "
,
,
08/10/2015,"£76,000 "
,
,
16/07/2015,"£97,500 "
,
,
,
23/10/2015,"£116,000 "
,
,
,
02/10/2015,"£150,000 "
,
,
,
09/11/2015,"£165,000 "
,
,
,
08/12/2015,"£160,000 "
,
,
,
14/12/2015,"£196,000 "
,
,
,
16/10/2015,"£147,500 "
,
,
,
10/09/2015,"£260,000 "
,
,
07/12/2015,"£130,000 "
,
,
12/11/2015,"£103,000 "
,
,
,
16/11/2015,"£82,000 "
,
,
,
24/07/2015,"£91,000 "
,
,
,
09/12/2015,"£115,000 "
,
,
,
27/07/2015,"£120,000 "
,
,
07/07/2015,"£300,000 "
,
,
28/07/2015,"£312,500 "
,
,
,
,
11/12/2015,"£70,000 "
,
,
08/10/2015,"£132,000 "
,
,
21/10/2015,"£130,000 "
,
,
14/07/2015,"£71,500 "
,
,
,
03/11/2015,"£40,000 "
,
,
,
19/08/2015,"£68,000 "
,
,
19/08/2015,"£68,000 "
,
,
04/08/2015,"£103,500 "
,
,
02/07/2015,"£110,000 "
,
,
02/09/2015,"£215,000 "
,
,
23/10/2015,"£257,000 "
,
,
10/12/2015,"£92,000 "
,
,
22/07/2015,"£48,000 "
,
,
21/09/2015,"£56,000 "
,
,
25/11/2015,"£72,000 "
,
,
,
07/04/2016,"£145,000 "
,
,
,
05/05/2016,"£48,000 "
,
,
,
18/04/2016,"£29,400 "
,
,
03/03/2016,"£95,000 "
,
,
05/04/2016,"£56,250 "
,
,
27/05/2016,"£45,000 "
,
,
11/04/2016,"£80,000 "
,
,
14/01/2016,"£71,000 "
,
,
09/05/2016,"£65,000 "
,
,
,
02/03/2016,"£70,000 "
,
,
07/06/2016,"£76,000 "
,
,
04/04/2016,"£131,875 "
,
,
,
06/06/2016,"£161,250 "
,
,
,
18/01/2016,"£163,000 "
,
,
,
27/06/2016,"£1,080,000 "
,
,
,
04/05/2016,"£157,500 "
,
,
16/06/2016,"£129,250 "
,
,
02/06/2016,"£93,000 "
,
,
,
01/06/2016,"£78,500 "
,
,
,
12/01/2016,"£238,000 "
,
,
04/04/2016,"£64,500 "
,
,
,
15/03/2016,"£72,727 "
,
,
,
01/04/2016,"£21,900 "
,
,
,
28/06/2016,"£21,300 "
,
,
,
31/03/2016,"£63,000 "
,
,
09/02/2016,"£37,500 "
,
,
03/05/2016,"£165,000 "
,
,
16/05/2016,"£35,000 "
,
,
12/04/2016,"£80,000 "
,
,
01/06/2016,"£206,000 "
,
,
04/04/2016,"£72,500 "
,
,
30/03/2016,"£49,995 "
,
,
26/05/2016,"£34,000 "
,
,
22/01/2016,"£115,000 "
,
,
24/03/2016,"£75,000 "
,
,
25/02/2016,"£48,000 "
,
,
05/02/2016,"£60,000 "
,
,
13/06/2016,"£58,000 "
,
,
12/01/2016,"£40,000 "
,
,
,
09/03/2016,"£75,000 "
,
,
,
06/06/2016,"£60,000 "
,
,
,
05/02/2016,"£88,000 "
,
,
,
14/06/2016,"£84,000 "
,
,
,
04/03/2016,"£47,555 "
,
,
,
25/02/2016,"£28,440 "
,
,
,
17/02/2016,"£53,200 "
,
,
17/06/2016,"£168,000 "
,
,
12/02/2016,"£17,400 "
,
,
,
17/05/2016,"£276,000 "
,
,
11/02/2016,"£86,000 "
,
,
,
15/07/2016,"£192,100 "
,
,
,
15/08/2016,"£23,400 "
,
,
,
04/07/2016,"£240,000 "
,
,
06/09/2016,"£327,000 "
,
,
30/08/2016,"£1,050,000 "
,
,
19/09/2016,"£149,950 "
,
,
29/07/2016,"£147,500 "
,
,
09/09/2016,"£17,400 "
,
,
,
06/10/2016,"£70,000 "
,
,
,
12/09/2016,"£91,000 "
,
,
,
13/09/2016,"£71,000 "
,
,
24/11/2016,"£93,000 "
,
,
,
22/08/2016,"£92,000 "
,
,
,
29/12/2016,"£72,000 "
,
,
,
05/09/2016,"£75,000 "
,
,
27/07/2016,"£66,000 "
,
,
07/12/2016,"£87,000 "
,
,
24/11/2016,"£161,000 "
,
,
,
20/07/2016,"£183,000 "
,
,
,
,
29/08/2016,"£175,000 "
,
,
,
14/07/2016,"£120,240 "
,
,
08/07/2016,"£180,000 "
,
,
,
04/10/2016,"£167,500 "
,
,
,
14/10/2016,"£135,000 "
,
,
15/07/2016,"£145,000 "
,
,
14/12/2016,"£50,000 "
,
,
,
08/07/2016,"£108,000 "
,
,
,
08/12/2016,"£112,500 "
,
,
,
08/07/2016,"£80,500 "
,
,
08/09/2016,"£436,236 "
,
,
11/11/2016,"£127,000 "
,
,
05/10/2016,"£208,000 "
,
,
08/11/2016,"£267,000 "
,
,
15/12/2016,"£305,000 "
,
,
04/11/2016,"£330,000 "
,
,
22/09/2016,"£33,000 "
,
,
06/09/2016,"£69,000 "
,
,
24/10/2016,"£59,995 "
,
,
,
26/09/2016,"£90,000 "
,
,
,
29/09/2016,"£75,000 "
,
,
,
02/08/2016,"£12,000 "
,
,
,
08/12/2016,"£23,700 "
,
,
,
25/10/2016,"£58,000 "
,
,
,
03/08/2016,"£21,900 "
,
,
,
09/12/2016,"£46,400 "
,
,
,
21/09/2016,"£121,000 "
,
,
16/12/2016,"£24,750 "
,
,
14/09/2016,"£2,500 "
,
,
07/07/2016,"£21,000 "
,
,
,
12/10/2016,"£140,000 "
,
,
,
17/03/2017,"£140,118 "
,
,
,
31/01/2017,"£622,500 "
,
,
15/03/2017,"£227,204 "
,
,
02/02/2017,"£435,000 "
,
,
07/02/2017,"£65,000 "
,
,
24/04/2017,"£78,300 "
,
,
27/06/2017,"£68,000 "
,
,
31/01/2017,"£120,000 "
,
,
17/03/2017,"£75,000 "
,
,
28/04/2017,"£82,000 "
,
,
27/06/2017,"£88,000 "
,
,
,
,
16/05/2017,"£59,000 "
,
,
,
16/01/2017,"£76,000 "
,
,
26/05/2017,"£115,000 "
,
,
,
10/01/2017,"£170,000 "
,
,
25/04/2017,"£185,000 "
,
,
,
19/05/2017,"£175,000 "
,
,
,
15/05/2017,"£175,000 "
,
,
,
29/03/2017,"£176,150 "
,
,
,
28/04/2017,"£180,000 "
,
,
,
06/01/2017,"£65,000 "
,
,
,
21/03/2017,"£250,000 "
,
,
24/05/2017,"£95,000 "
,
,
13/06/2017,"£58,200 "
,
,
,
15/02/2017,"£65,000 "
,
,
,
22/02/2017,"£45,000 "
,
,
,
14/03/2017,"£82,000 "
,
,
,
13/02/2017,"£82,500 "
,
,
,
30/03/2017,"£58,000 "
,
,
,
23/03/2017,"£60,100 "
,
,
,
,
08/05/2017,"£41,000 "
,
,
31/05/2017,"£175,000 "
,
,
19/05/2017,"£36,000 "
,
,
23/05/2017,"£85,000 "
,
,
14/04/2017,"£90,000 "
,
,
08/05/2017,"£125,660 "
,
,
03/03/2017,"£92,995 "
,
,
07/04/2017,"£55,000 "
,
,
18/05/2017,"£50,000 "
,
,
,
13/02/2017,"£55,500 "
,
,
,
15/05/2017,"£87,000 "
,
,
,
10/05/2017,"£50,500 "
,
,
,
28/03/2017,"£100,000 "
,
,
,
13/02/2017,"£22,500 "
,
,
,
01/02/2017,"£60,000 "
,
,
,
30/01/2017,"£21,900 "
,
,
,
24/05/2017,"£28,160 "
,
,
,
20/03/2017,"£41,500 "
,
,
,
20/03/2017,"£31,000 "
,
,
,
15/02/2017,"£23,360 "
,
,
03/04/2009,"£6,000,000.00 "
,
,
,
10/03/2009,"£225,000.00 "
,
,
19/06/2009,"£67,000.00 "
,
,
,
26/06/2009,"£153,000 "
,
,
09/02/2009,"£249,995.00 "
,
,
03/06/2009,"£71,000.00 "
,
,
23/03/2009,"£84,995.00 "
,
,
20/02/2009,"£87,500.00 "
,
,
,
05/01/2009,"£140,000.00 "
,
,
,
02/03/2009,"£230,000.00 "
,
,
26/01/2009,"£118,000.00 "
,
,
,
26/02/2009,"£125,000.00 "
,
,
,
19/01/2009,"£133,000.00 "
,
,
,
13/01/2009,"£133,000.00 "
,
,
,
05/02/2009,"£135,000.00 "
,
,
,
09/04/2009,"£135,000.00 "
,
,
,
27/02/2009,"£135,000.00 "
,
,
,
16/06/2009,"£80,000.00 "
,
,
,
,
10/02/2009,"£80,000.00 "
,
,
,
09/02/2009,"£28,800.00 "
,
,
,
08/04/2009,"£29,000.00 "
,
,
14/05/2009,"£25,000.00 "
,
,
14/05/2009,"£25,000.00 "
,
,
20/03/2009,"£47,099.00 "
,
,
24/03/2009,"£47,099.00 "
,
,
23/04/2009,"£275,000 "
,
,
06/01/2009,"£85,000.00 "
,
,
29/05/2009,"£59,000.00 "
,
,
29/04/2009,"£45,000.00 "
,
,
29/05/2009,"£59,000.00 "
,
,
24/06/2009,"£99,500.00 "
,
,
06/03/2009,"£60,000.00 "
,
,
,
21/04/2009,"£55,000.00 "
,
,
,
04/06/2009,"£59,000 "
,
,
,
06/05/2009,"£68,000.00 "
,
,
,
13/03/2009,"£88,000.00 "
,
,
,
11/02/2009,"£95,000 "
,
,
,
19/01/2009,"£95,000.00 "
,
,
12/06/2009,"£249,000.00 "
,
,
26/02/2009,"£405,000.00 "
,
,
25/05/2009,"£113,000.00 "
,
,
,
07/01/2009,"£147,000.00 "
,
,
,
16/04/2009,"£122,000.00 "
,
,
,
17/06/2009,"£275,000.00 "
,
,
13/05/2009,"£89,000.00 "
,
,
09/04/2009,"£115,000.00 "
,
,
16/02/2009,"£116,500.00 "
,
,
10/04/2009,"£88,000.00 "
,
,
,
19/05/2009,"£175,000 "
,
,
,
30/03/2009,"£118,000.00 "
,
,
,
31/08/2009,"£110,000.00 "
,
,
,
04/12/2009,"£107,500.00 "
,
,
15/09/2009,"£170,000.00 "
,
,
31/08/2009,"£214,995.00 "
,
,
,
10/09/2009,"£75,000.00 "
,
,
28/10/2009,"£73,000.00 "
,
,
06/07/2009,"£100,000.00 "
,
,
,
16/12/2009,"£80,000.00 "
,
,
29/12/2009,"£380,000 "
,
,
30/09/2009,"£105,000.00 "
,
,
,
,
14/10/2009,"£235,000.00 "
,
,
01/10/2009,"£129,995.00 "
,
,
25/09/2009,"£260,000.00 "
,
,
17/11/2009,"£119,000.00 "
,
,
,
25/08/2009,"£75,000.00 "
,
,
,
17/11/2009,"£68,000.00 "
,
,
,
23/09/2009,"£81,250.00 "
,
,
13/11/2009,"£39,000.00 "
,
,
06/07/2009,"£50,000.00 "
,
,
06/07/2009,"£40,000.00 "
,
,
03/11/2009,"£89,950.00 "
,
,
05/10/2009,"£73,000.00 "
,
,
30/11/2009,"£91,000.00 "
,
,
04/08/2009,"£85,000.00 "
,
,
03/09/2009,"£116,000.00 "
,
,
,
05/11/2009,"£82,000.00 "
,
,
07/08/2009,"£79,995.00 "
,
,
05/10/2009,"£97,500.00 "
,
,
12/10/2009,"£93,000.00 "
,
,
04/12/2009,"£69,995.00 "
,
,
,
30/07/2009,"£25,500.00 "
,
,
,
27/07/2009,"£85,000 "
,
,
,
22/09/2009,"£330,005.00 "
,
,
18/12/2009,"£300,000 "
,
,
,
,
21/09/2009,"£240,000.00 "
,
,
,
19/10/2009,"£63,500.00 "
,
,
,
10/12/2009,"£73,000.00 "
,
,
,
06/11/2009,"£70,000.00 "
,
,
10/12/2009,"£77,500 "
,
,
02/07/2009,"£52,500 "
,
,
30/09/2009,"£90,000.00 "
,
,
,
04/08/2009,"£260,000.00 "
,
,
27/08/2009,"£157,000.00 "
,
,
02/12/2009,"£199,000 "
,
,
24/12/2009,"£135,000.00 "
,
,
,
16/07/2009,"£69,000.00 "
,
,
,
18/08/2009,"£165,000.00 "
,
,
,
15/10/2009,"£75,000.00 "
,
,
,
05/08/2009,"£84,995.00 "
,
,
,
23/12/2009,"£242,000.00 "
,
,
15/01/2008,"£103,000.00 "
,
,
,
06/02/2008,"£80,000.00 "
,
,
,
06/02/2008,"£80,000.00 "
,
,
,
06/02/2008,"£80,000.00 "
,
,
,
04/04/2008,"£76,000.00 "
,
,
06/02/2008,"£80,000.00 "
,
,
,
20/03/2008,"£209,000.00 "
,
,
04/06/2008,"£135,000.00 "
,
,
04/03/2008,"£110,000.00 "
,
,
16/06/2008,"£80,000.00 "
,
,
,
07/01/2008,"£249,500.00 "
,
,
13/05/2008,"£299,000.00 "
,
,
06/02/2008,"£102,000.00 "
,
,
03/01/2008,"£105,000.00 "
,
,
01/05/2008,"£93,000.00 "
,
,
24/04/2008,"£83,000.00 "
,
,
10/06/2008,"£130,000 "
,
,
,
02/06/2008,"£125,000.00 "
,
,
,
18/02/2008,"£100,000.00 "
,
,
,
11/01/2008,"£97,000 "
,
,
24/03/2008,"£110,000.00 "
,
,
03/01/2008,"£74,995.00 "
,
,
15/02/2008,"£87,500.00 "
,
,
29/05/2008,"£167,000.00 "
,
,
,
20/06/2008,"£75,000.00 "
,
,
05/06/2008,"£126,400.00 "
,
,
,
29/04/2008,"£118,900.00 "
,
,
,
13/03/2008,"£98,000.00 "
,
,
,
23/04/2008,"£129,680 "
,
,
,
16/06/2008,"£126,280.00 "
,
,
,
19/03/2008,"£320,000 "
,
,
05/03/2008,"£115,050.00 "
,
,
10/01/2008,"£175,000.00 "
,
,
07/01/2008,"£78,000.00 "
,
,
,
05/05/2008,"£93,000 "
,
,
,
02/04/2008,"£24,300.00 "
,
,
,
01/04/2008,"£36,000.00 "
,
,
,
27/06/2008,"£25,000 "
,
,
01/04/2008,"£245,000.00 "
,
,
24/01/2008,"£87,000.00 "
,
,
04/04/2008,"£105,000.00 "
,
,
22/02/2008,"£95,000.00 "
,
,
14/02/2008,"£95,000.00 "
,
,
20/03/2008,"£75,000.00 "
,
,
10/04/2008,"£83,000 "
,
,
06/03/2008,"£80,000.00 "
,
,
,
03/04/2008,"£95,000.00 "
,
,
,
07/04/2008,"£110,000.00 "
,
,
,
26/02/2008,"£96,500 "
,
,
,
20/05/2008,"£117,000.00 "
,
,
,
09/12/2008,"£249,000.00 "
,
,
15/09/2008,"£275,000 "
,
,
14/11/2008,"£76,500.00 "
,
,
11/08/2008,"£151,000.00 "
,
,
,
04/08/2008,"£113,500.00 "
,
,
11/11/2008,"£77,250.00 "
,
,
25/08/2008,"£180,000.00 "
,
,
24/09/2008,"£310,000.00 "
,
,
,
16/10/2008,"£133,000.00 "
,
,
,
16/10/2008,"£134,000 "
,
,
,
24/09/2008,"£90,900.00 "
,
,
,
15/10/2008,"£135,000.00 "
,
,
,
29/08/2008,"£139,531 "
,
,
,
26/08/2008,"£139,531 "
,
,
,
21/11/2008,"£42,000.00 "
,
,
,
10/09/2008,"£135,000.00 "
,
,
,
08/09/2008,"£133,000.00 "
,
,
,
17/09/2008,"£145,000.00 "
,
,
,
23/12/2008,"£95,000.00 "
,
,
,
02/10/2008,"£90,000.00 "
,
,
17/12/2008,"£100,000.00 "
,
,
,
25/08/2008,"£137,611.00 "
,
,
,
12/08/2008,"£77,268.00 "
,
,
,
26/11/2008,"£133,000.00 "
,
,
,
21/08/2008,"£100,000.00 "
,
,
,
12/09/2008,"£330,000.00 "
,
,
02/10/2008,"£325,000 "
,
,
14/08/2008,"£361,900 "
,
,
03/09/2008,"£347,000.00 "
,
,
22/10/2008,"£73,500.00 "
,
,
,
,
02/09/2008,"£55,000.00 "
,
,
,
18/08/2008,"£34,000 "
,
,
,
17/07/2008,"£95,000.00 "
,
,
,
,
17/07/2008,"£96,000.00 "
,
,
,
09/09/2008,"£124,950.00 "
,
,
19/12/2008,"£204,000.00 "
,
,
04/07/2008,"£105,000.00 "
,
,
01/10/2008,"£75,000.00 "
,
,
08/08/2008,"£25,500.00 "
,
,
03/07/2008,"£97,000.00 "
,
,
27/10/2008,"£69,995.00 "
,
,
19/11/2008,"£295,000.00 "
,
,
04/09/2008,"£70,000.00 "
,
,
,
25/08/2008,"£36,410.00 "
,
,
,
19/08/2008,"£86,000.00 "
,
,
,
03/11/2008,"£52,500.00 "
,
,
11/12/2008,"£62,000.00 "
,
,
,
25/11/2008,"£249,950 "
,
,
20/08/2008,"£340,000.00 "
,
,
01/09/2008,"£107,500.00 "
,
,
,
27/06/2007,"£437,000 "
,
,
17/04/2007,"£110,000.00 "
,
,
,
08/03/2007,"£195,000.00 "
,
,
26/01/2007,"£105,000.00 "
,
,
19/02/2007,"£142,117.00 "
,
,
06/03/2007,"£84,000.00 "
,
,
29/03/2007,"£75,000.00 "
,
,
04/05/2007,"£87,500.00 "
,
,
11/05/2007,"£79,000.00 "
,
,
19/02/2007,"£87,000.00 "
,
,
18/04/2007,"£72,000.00 "
,
,
,
14/03/2007,"£93,000.00 "
,
,
,
,
,
15/05/2007,"£120,000.00 "
,
,
,
09/05/2007,"£127,500 "
,
,
,
07/05/2007,"£90,000.00 "
,
,
16/03/2007,"£102,000.00 "
,
,
19/01/2007,"£83,500.00 "
,
,
15/03/2007,"£90,500 "
,
,
,
05/01/2007,"£79,995.00 "
,
,
19/04/2007,"£158,750.00 "
,
,
,
20/04/2007,"£155,100.00 "
,
,
,
17/04/2007,"£207,500.00 "
,
,
,
12/01/2007,"£309,500.00 "
,
,
,
13/02/2007,"£155,000.00 "
,
,
,
08/03/2007,"£198,000.00 "
,
,
,
17/04/2007,"£139,000.00 "
,
,
26/04/2007,"£117,500.00 "
,
,
,
19/01/2007,"£100,000.00 "
,
,
,
08/02/2007,"£123,532.00 "
,
,
,
03/04/2007,"£89,995 "
,
,
15/03/2007,"£305,200 "
,
,
16/05/2007,"£3,570,000 "
,
,
30/04/2007,"£97,000.00 "
,
,
,
20/06/2007,"£33,750.00 "
,
,
,
20/04/2007,"£74,950.00 "
,
,
,
19/06/2007,"£145,000 "
,
,
24/05/2007,"£50,000.00 "
,
,
22/03/2007,"£91,500.00 "
,
,
15/01/2007,"£135,250.00 "
,
,
05/02/2007,"£84,000.00 "
,
,
30/04/2007,"£83,000.00 "
,
,
22/06/2007,"£85,300.00 "
,
,
08/06/2007,"£72,995.00 "
,
,
05/01/2007,"£99,995.00 "
,
,
20/02/2007,"£122,050 "
,
,
23/03/2007,"£84,500.00 "
,
,
,
18/01/2007,"£91,000 "
,
,
,
10/01/2007,"£100,000.00 "
,
,
,
14/03/2007,"£99,995.00 "
,
,
,
09/01/2007,"£87,500.00 "
,
,
,
23/07/2007,"£206,100.00 "
,
,
,
07/09/2007,"£557,007.00 "
,
,
24/12/2007,"£185,000.00 "
,
,
14/12/2007,"£249,995.00 "
,
,
06/09/2007,"£104,995.00 "
,
,
12/10/2007,"£105,000.00 "
,
,
09/10/2007,"£82,995.00 "
,
,
10/10/2007,"£81,000.00 "
,
,
13/09/2007,"£90,000.00 "
,
,
,
,
21/11/2007,"£296,400.00 "
,
,
,
17/07/2007,"£92,500.00 "
,
,
,
11/10/2007,"£99,750 "
,
,
,
27/07/2007,"£84,995 "
,
,
,
05/09/2007,"£96,000.00 "
,
,
,
09/10/2007,"£98,000.00 "
,
,
,
03/08/2007,"£93,000.00 "
,
,
07/09/2007,"£98,500.00 "
,
,
,
19/07/2007,"£85,995 "
,
,
12/07/2007,"£91,000 "
,
,
,
03/08/2007,"£94,150 "
,
,
,
05/10/2007,"£86,000.00 "
,
,
,
,
04/12/2007,"£100,000.00 "
,
,
,
05/10/2007,"£104,000.00 "
,
,
,
11/10/2007,"£62,000.00 "
,
,
,
10/09/2007,"£70,107 "
,
,
20/07/2007,"£83,500.00 "
,
,
19/12/2007,"£155,000.00 "
,
,
16/11/2007,"£89,995.00 "
,
,
26/10/2007,"£89,000.00 "
,
,
16/10/2007,"£90,000.00 "
,
,
20/11/2007,"£280,000.00 "
,
,
,
29/11/2007,"£135,499.00 "
,
,
10/08/2007,"£96,500.00 "
,
,
05/11/2007,"£187,000.00 "
,
,
04/09/2007,"£140,000.00 "
,
,
17/09/2007,"£102,500.00 "
,
,
18/10/2007,"£118,000.00 "
,
,
,
18/12/2007,"£291,888.00 "
,
,
24/08/2007,"£277,500.00 "
,
,
24/12/2007,"£62,500.00 "
,
,
27/07/2007,"£100,000.00 "
,
,
,
19/09/2007,"£125,000.00 "
,
,
,
15/11/2007,"£34,100.00 "
,
,
,
19/11/2007,"£88,000.00 "
,
,
,
30/10/2007,"£38,750 "
,
,
,
08/08/2007,"£79,430.00 "
,
,
30/11/2007,"£105,000.00 "
,
,
01/08/2007,"£40,000 "
,
,
25/10/2007,"£99,995.00 "
,
,
17/07/2007,"£225,798.00 "
,
,
,
25/05/2006,"£93,250.00 "
,
,
,
25/05/2006,"£120,000.00 "
,
,
20/03/2006,"£66,500.00 "
,
,
15/05/2006,"£71,500.00 "
,
,
06/01/2006,"£58,450.00 "
,
,
,
20/01/2006,"£60,000.00 "
,
,
26/06/2006,"£76,417.00 "
,
,
08/02/2006,"£65,000.00 "
,
,
20/04/2006,"£62,000.00 "
,
,
06/04/2006,"£63,500.00 "
,
,
24/05/2006,"£99,000.00 "
,
,
,
20/04/2006,"£101,000.00 "
,
,
,
23/05/2006,"£103,000.00 "
,
,
,
07/06/2006,"£85,063.00 "
,
,
07/02/2006,"£82,950.00 "
,
,
11/01/2006,"£79,995 "
,
,
12/01/2006,"£69,000.00 "
,
,
22/05/2006,"£68,000 "
,
,
23/03/2006,"£75,000.00 "
,
,
,
17/02/2006,"£145,000.00 "
,
,
,
13/06/2006,"£150,000.00 "
,
,
,
23/03/2006,"£147,000.00 "
,
,
,
17/02/2006,"£119,950.00 "
,
,
,
23/01/2006,"£126,000.00 "
,
,
,
27/06/2006,"£160,000.00 "
,
,
,
20/01/2006,"£160,000.00 "
,
,
,
27/04/2006,"£116,000.00 "
,
,
19/05/2006,"£260,000.00 "
,
,
04/01/2006,"£107,000.00 "
,
,
16/06/2006,"£1,600,000 "
,
,
,
28/02/2006,"£27,150 "
,
,
,
25/05/2006,"£62,500.00 "
,
,
,
30/05/2006,"£56,000.00 "
,
,
,
29/03/2006,"£50,000 "
,
,
,
07/03/2006,"£25,500.00 "
,
,
,
21/06/2006,"£88,333.00 "
,
,
26/06/2006,"£15,000.00 "
,
,
15/06/2006,"£228,000 "
,
,
07/03/2006,"£94,000 "
,
,
14/06/2006,"£90,000 "
,
,
23/02/2006,"£73,000.00 "
,
,
24/04/2006,"£94,000.00 "
,
,
13/01/2006,"£59,500.00 "
,
,
15/03/2006,"£30,000.00 "
,
,
08/03/2006,"£26,000.00 "
,
,
21/03/2006,"£45,000.00 "
,
,
12/01/2006,"£51,000.00 "
,
,
04/04/2006,"£85,000.00 "
,
,
,
,
11/04/2006,"£80,099.00 "
,
,
,
24/02/2006,"£63,995.00 "
,
,
,
04/12/2006,"£435,040.00 "
,
,
30/10/2006,"£200,000.00 "
,
,
18/10/2006,"£128,000.00 "
,
,
26/09/2006,"£169,500.00 "
,
,
25/07/2006,"£9,760,000 "
,
,
,
24/08/2006,"£107,000.00 "
,
,
07/08/2006,"£99,000.00 "
,
,
12/12/2006,"£75,000.00 "
,
,
,
13/11/2006,"£85,000.00 "
,
,
,
,
15/12/2006,"£123,000.00 "
,
,
,
18/07/2006,"£104,000 "
,
,
,
26/07/2006,"£110,000.00 "
,
,
,
27/11/2006,"£133,000.00 "
,
,
,
05/07/2006,"£83,500.00 "
,
,
31/07/2006,"£75,000.00 "
,
,
08/08/2006,"£85,000.00 "
,
,
10/08/2006,"£200,000.00 "
,
,
10/10/2006,"£124,900.00 "
,
,
,
13/09/2006,"£148,000.00 "
,
,
,
,
26/09/2006,"£184,000.00 "
,
,
,
31/08/2006,"£185,000.00 "
,
,
,
09/10/2006,"£110,000 "
,
,
31/08/2006,"£111,000.00 "
,
,
14/09/2006,"£108,500.00 "
,
,
28/09/2006,"£113,000.00 "
,
,
05/10/2006,"£29,250.00 "
,
,
15/09/2006,"£150,000 "
,
,
07/08/2006,"£80,000.00 "
,
,
,
,
,
14/09/2006,"£290,225.00 "
,
,
29/11/2006,"£360,000.00 "
,
,
19/12/2006,"£136,500.00 "
,
,
07/11/2006,"£50,000.00 "
,
,
,
25/08/2006,"£95,000.00 "
,
,
,
25/10/2006,"£78,000 "
,
,
,
07/09/2006,"£88,000.00 "
,
,
,
18/10/2006,"£78,000.00 "
,
,
11/12/2006,"£175,000.00 "
,
,
28/08/2006,"£90,500.00 "
,
,
05/10/2006,"£95,250 "
,
,
31/07/2006,"£95,000.00 "
,
,
20/11/2006,"£115,000.00 "
,
,
07/08/2006,"£99,000.00 "
,
,
04/08/2006,"£90,500.00 "
,
,
21/12/2006,"£92,000.00 "
,
,
21/11/2006,"£78,000.00 "
,
,
20/10/2006,"£98,559.00 "
,
,
,
24/11/2006,"£91,000.00 "
,
,
,
07/12/2006,"£65,000.00 "
,
,
,
04/12/2006,"£85,000.00 "
,
,
,
,
14/11/2006,"£100,000.00 "
,
,
,
06/04/2005,"£140,000.00 "
,
,
23/06/2005,"£90,000.00 "
,
,
31/05/2005,"£73,000.00 "
,
,
07/01/2005,"£63,500.00 "
,
,
25/04/2005,"£57,311.75 "
,
,
,
11/02/2005,"£75,000.00 "
,
,
,
21/03/2005,"£77,500.00 "
,
,
21/01/2005,"£142,000.00 "
,
,
,
21/06/2005,"£375,000.00 "
,
,
,
25/05/2005,"£100,000.00 "
,
,
14/02/2005,"£94,500.00 "
,
,
28/06/2005,"£165,000.00 "
,
,
07/02/2005,"£105,000 "
,
,
,
04/04/2005,"£250,000.00 "
,
,
06/01/2005,"£215,000.00 "
,
,
07/01/2005,"£240,000.00 "
,
,
04/04/2005,"£109,000.00 "
,
,
18/04/2005,"£280,000.00 "
,
,
18/05/2005,"£78,000.00 "
,
,
,
,
26/01/2005,"£18,000.00 "
,
,
,
05/04/2005,"£82,500.00 "
,
,
,
01/04/2005,"£65,500 "
,
,
,
29/06/2005,"£85,000 "
,
,
,
24/02/2005,"£47,011.00 "
,
,
,
16/03/2005,"£82,000.00 "
,
,
,
24/01/2005,"£53,950.00 "
,
,
,
18/02/2005,"£41,000.00 "
,
,
,
05/01/2005,"£76,000.00 "
,
,
,
13/05/2005,"£69,000.00 "
,
,
16/05/2005,"£75,000.00 "
,
,
25/04/2005,"£214,000.00 "
,
,
23/06/2005,"£75,000.00 "
,
,
02/03/2005,"£16,000.00 "
,
,
23/03/2005,"£97,000.00 "
,
,
26/05/2005,"£72,000.00 "
,
,
20/04/2005,"£32,000.00 "
,
,
20/04/2005,"£38,000.00 "
,
,
20/04/2005,"£33,000.00 "
,
,
22/04/2005,"£29,000.00 "
,
,
12/05/2005,"£31,000.00 "
,
,
20/04/2005,"£29,000.00 "
,
,
25/04/2005,"£29,000.00 "
,
,
22/04/2005,"£30,000.00 "
,
,
20/04/2005,"£37,000.00 "
,
,
09/03/2005,"£110,000.00 "
,
,
03/05/2005,"£80,000.00 "
,
,
,
04/05/2005,"£29,000.00 "
,
,
,
31/05/2005,"£73,000.00 "
,
,
,
01/06/2005,"£99,999.00 "
,
,
,
22/06/2005,"£114,000.00 "
,
,
,
31/10/2005,"£95,000 "
,
,
,
05/07/2005,"£155,257.00 "
,
,
,
27/07/2005,"£200,000.00 "
,
,
03/08/2005,"£95,000.00 "
,
,
11/08/2005,"£197,500.00 "
,
,
11/08/2005,"£197,500.00 "
,
,
11/08/2005,"£197,500.00 "
,
,
22/09/2005,"£7,500.00 "
,
,
,
21/12/2005,"£65,000 "
,
,
17/08/2005,"£67,000.00 "
,
,
08/11/2005,"£52,500.00 "
,
,
26/07/2005,"£81,250 "
,
,
,
,
05/08/2005,"£78,500.00 "
,
,
,
,
13/09/2005,"£35,000 "
,
,
,
,
11/10/2005,"£73,000.00 "
,
,
,
29/08/2005,"£72,000.00 "
,
,
15/11/2005,"£89,950.00 "
,
,
28/11/2005,"£63,500.00 "
,
,
22/09/2005,"£82,500.00 "
,
,
05/07/2005,"£225,000.00 "
,
,
,
29/11/2005,"£168,000.00 "
,
,
,
07/10/2005,"£211,000 "
,
,
,
16/12/2005,"£470,000.00 "
,
,
30/12/2005,"£137,500.00 "
,
,
23/09/2005,"£135,000 "
,
,
16/09/2005,"£107,000.00 "
,
,
25/10/2005,"£105,500.00 "
,
,
11/11/2005,"£114,000 "
,
,
21/12/2005,"£118,000.00 "
,
,
,
24/08/2005,"£160,000 "
,
,
18/10/2005,"£235,000.00 "
,
,
19/09/2005,"£243,000.00 "
,
,
14/12/2005,"£150,000 "
,
,
09/11/2005,"£51,500 "
,
,
,
01/11/2005,"£70,000 "
,
,
,
31/10/2005,"£24,000.00 "
,
,
,
06/09/2005,"£108,000.00 "
,
,
,
26/08/2005,"£68,000.00 "
,
,
,
04/08/2005,"£60,000.00 "
,
,
07/11/2005,"£125,000.00 "
,
,
30/08/2005,"£73,000.00 "
,
,
05/12/2005,"£76,000.00 "
,
,
13/09/2005,"£60,500.00 "
,
,
26/10/2005,"£70,000.00 "
,
,
28/09/2005,"£77,500.00 "
,
,
11/11/2005,"£300,000.00 "
,
,
04/11/2005,"£63,950.00 "
,
,
09/12/2005,"£50,000 "
,
,
15/07/2005,"£70,000.00 "
,
,
,
10/08/2005,"£60,000.00 "
,
,
,
05/02/2004,"£450,221.00 "
,
,
20/04/2004,"£95,000.00 "
,
,
09/06/2004,"£67,177.00 "
,
,
13/02/2004,"£57,555.00 "
,
,
,
,
15/01/2004,"£190,000.00 "
,
,
,
21/04/2004,"£145,000 "
,
,
,
03/02/2004,"£600,000 "
,
,
03/02/2004,"£600,000 "
,
,
03/02/2004,"£600,000 "
,
,
07/01/2004,"£105,693.00 "
,
,
26/02/2004,"£105,000.00 "
,
,
,
20/04/2004,"£118,000.00 "
,
,
,
25/03/2004,"£250,000.00 "
,
,
18/02/2004,"£66,500.00 "
,
,
,
,
22/03/2004,"£28,800.00 "
,
,
,
14/01/2004,"£71,100.00 "
,
,
,
29/01/2004,"£16,560.00 "
,
,
,
22/06/2004,"£81,000.00 "
,
,
,
,
20/05/2004,"£46,500.00 "
,
,
13/05/2004,"£63,000 "
,
,
23/04/2004,"£140,500 "
,
,
17/03/2004,"£23,000.00 "
,
,
27/05/2004,"£19,350.00 "
,
,
,
07/01/2004,"£18,000.00 "
,
,
,
28/01/2004,"£84,000 "
,
,
,
20/05/2004,"£50,000.00 "
,
,
,
14/04/2004,"£18,000 "
,
,
,
12/05/2004,"£43,500.00 "
,
,
,
19/02/2004,"£250,000.00 "
,
,
26/02/2004,"£14,250.00 "
,
,
,
29/06/2004,"£11,850.00 "
,
,
,
16/06/2004,"£17,550.00 "
,
,
20/05/2004,"£43,000.00 "
,
,
23/02/2004,"£56,000.00 "
,
,
,
03/05/2004,"£72,050.00 "
,
,
,
16/03/2004,"£37,000.00 "
,
,
,
30/01/2004,"£245,000.00 "
,
,
08/03/2004,"£232,257.00 "
,
,
14/04/2004,"£45,000.00 "
,
,
19/05/2004,"£47,175.00 "
,
,
04/06/2004,"£267,255 "
,
,
28/06/2004,"£249,000.00 "
,
,
11/06/2004,"£113,000.00 "
,
,
16/03/2004,"£13,440.00 "
,
,
,
29/03/2004,"£20,000.00 "
,
,
,
05/02/2004,"£11,100.00 "
,
,
,
06/05/2004,"£72,000 "
,
,
,
20/04/2004,"£68,251.00 "
,
,
20/05/2004,"£43,500.00 "
,
,
11/06/2004,"£122,000.00 "
,
,
30/11/2004,"£135,000.00 "
,
,
,
08/11/2004,"£281,000 "
,
,
23/11/2004,"£24,000.00 "
,
,
23/12/2004,"£90,000.00 "
,
,
30/11/2004,"£68,000.00 "
,
,
22/09/2004,"£64,000.00 "
,
,
,
,
07/12/2004,"£76,000 "
,
,
,
14/12/2004,"£74,950.00 "
,
,
,
31/12/2004,"£75,500.00 "
,
,
,
05/10/2004,"£73,084.00 "
,
,
,
09/09/2004,"£52,500.00 "
,
,
16/11/2004,"£297,500.00 "
,
,
,
10/11/2004,"£109,000.00 "
,
,
,
27/07/2004,"£135,000.00 "
,
,
12/08/2004,"£238,100.00 "
,
,
23/12/2004,"£230,000.00 "
,
,
15/12/2004,"£10,000.00 "
,
,
13/07/2004,"£49,000.00 "
,
,
,
29/12/2004,"£55,000.00 "
,
,
,
13/10/2004,"£28,000 "
,
,
17/08/2004,"£187,000.00 "
,
,
12/08/2004,"£61,000 "
,
,
09/11/2004,"£90,000 "
,
,
15/11/2004,"£75,000.00 "
,
,
21/09/2004,"£95,127.00 "
,
,
07/10/2004,"£56,225.00 "
,
,
02/07/2004,"£125,000 "
,
,
06/08/2004,"£70,000.00 "
,
,
,
10/11/2004,"£72,550.00 "
,
,
,
17/09/2004,"£86,500.00 "
,
,
,
26/07/2004,"£257,123.00 "
,
,
10/09/2004,"£70,000 "
,
,
,
22/10/2004,"£69,995.00 "
,
,
,
29/12/2004,"£76,000.00 "
,
,
,
08/09/2004,"£77,000 "
,
,
,
01/12/2004,"£250,000.00 "
,
,
12/07/2004,"£262,000.00 "
,
,
11/10/2004,"£420,000 "
,
,
23/08/2004,"£335,023.00 "
,
,
28/07/2004,"£296,100.00 "
,
,
14/09/2004,"£280,000.00 "
,
,
14/12/2004,"£105,750.00 "
,
,
22/11/2004,"£16,050.00 "
,
,
,
21/09/2004,"£68,000.00 "
,
,
27/07/2004,"£151,111.00 "
,
,
03/08/2004,"£725,000.00 "
,
,
03/08/2004,"£725,000.00 "
,
,
03/08/2004,"£725,000.00 "
,
,
03/08/2004,"£725,000.00 "
,
,
19/08/2004,"£250,000.00 "
,
,
26/06/2003,"£125,000.00 "
,
,
30/06/2003,"£105,000.00 "
,
,
04/06/2003,"£13,200.00 "
,
,
,
07/02/2003,"£42,516.00 "
,
,
17/01/2003,"£50,000 "
,
,
,
17/04/2003,"£55,500.00 "
,
,
,
16/01/2003,"£50,000.00 "
,
,
25/04/2003,"£59,545 "
,
,
,
16/06/2003,"£53,500.00 "
,
,
,
31/03/2003,"£345,000.00 "
,
,
31/03/2003,"£345,000.00 "
,
,
10/02/2003,"£90,000.00 "
,
,
,
07/04/2003,"£109,000.00 "
,
,
,
21/02/2003,"£24,000.00 "
,
,
10/01/2003,"£14,850.00 "
,
,
03/06/2003,"£14,250.00 "
,
,
,
12/05/2003,"£15,750.00 "
,
,
,
03/04/2003,"£60,000.00 "
,
,
,
,
21/03/2003,"£13,425 "
,
,
,
09/05/2003,"£94,000.00 "
,
,
16/06/2003,"£72,000.00 "
,
,
16/06/2003,"£72,000.00 "
,
,
16/05/2003,"£20,500.00 "
,
,
22/05/2003,"£40,300.00 "
,
,
30/04/2003,"£42,000 "
,
,
12/02/2003,"£50,000.00 "
,
,
04/04/2003,"£320,000 "
,
,
05/06/2003,"£54,000.00 "
,
,
13/02/2003,"£59,995.00 "
,
,
15/01/2003,"£40,000.00 "
,
,
13/05/2003,"£9,200.00 "
,
,
10/03/2003,"£48,500.00 "
,
,
04/03/2003,"£12,900.00 "
,
,
,
17/02/2003,"£11,700.00 "
,
,
,
25/06/2003,"£37,000.00 "
,
,
,
19/05/2003,"£42,000.00 "
,
,
,
12/05/2003,"£32,500 "
,
,
,
24/02/2003,"£11,250.00 "
,
,
,
21/03/2003,"£12,900.00 "
,
,
24/02/2003,"£10,500.00 "
,
,
,
26/06/2003,"£43,000.00 "
,
,
,
04/02/2003,"£51,000.00 "
,
,
,
03/02/2003,"£206,049.00 "
,
,
10/01/2003,"£170,380.00 "
,
,
17/02/2003,"£32,200.00 "
,
,
02/04/2003,"£50,000.00 "
,
,
13/06/2003,"£76,500.00 "
,
,
,
22/01/2003,"£75,000.00 "
,
,
,
15/04/2003,"£25,000.00 "
,
,
11/04/2003,"£22,500.00 "
,
,
10/10/2003,"£52,000 "
,
,
10/07/2003,"£76,000.00 "
,
,
04/11/2003,"£5,000.00 "
,
,
19/09/2003,"£58,000.00 "
,
,
,
,
08/07/2003,"£55,000 "
,
,
,
18/09/2003,"£57,995.00 "
,
,
01/08/2003,"£54,500.00 "
,
,
,
07/11/2003,"£47,000.00 "
,
,
18/12/2003,"£140,795.00 "
,
,
15/07/2003,"£240,000.00 "
,
,
,
16/12/2003,"£90,000.00 "
,
,
11/11/2003,"£5,000.00 "
,
,
04/07/2003,"£250,000.00 "
,
,
,
22/09/2003,"£217,050 "
,
,
17/09/2003,"£230,255.00 "
,
,
08/07/2003,"£90,000.00 "
,
,
01/08/2003,"£52,000.00 "
,
,
,
14/11/2003,"£22,000.00 "
,
,
11/11/2003,"£16,500 "
,
,
17/09/2003,"£19,500.00 "
,
,
05/08/2003,"£22,500.00 "
,
,
30/07/2003,"£59,000 "
,
,
20/11/2003,"£68,017.00 "
,
,
16/07/2003,"£25,000.00 "
,
,
,
08/08/2003,"£57,000.00 "
,
,
,
28/08/2003,"£65,000.00 "
,
,
,
20/08/2003,"£54,000.00 "
,
,
,
01/12/2003,"£41,750.00 "
,
,
,
30/10/2003,"£54,000.00 "
,
,
,
19/12/2003,"£9,000.00 "
,
,
21/08/2003,"£60,000.00 "
,
,
02/07/2003,"£60,000.00 "
,
,
31/12/2003,"£16,060.00 "
,
,
,
03/12/2003,"£14,250 "
,
,
,
19/09/2003,"£216,000.00 "
,
,
03/10/2003,"£275,000.00 "
,
,
27/10/2003,"£27,000.00 "
,
,
,
21/08/2003,"£44,000.00 "
,
,
02/12/2003,"£131,000.00 "
,
,
,
11/07/2003,"£152,000 "
,
,
,
10/07/2003,"£140,000.00 "
,
,
05/12/2003,"£89,500 "
,
,
11/08/2003,"£10,800.00 "
,
,
,
16/07/2003,"£60,000.00 "
,
,
07/08/2003,"£14,250.00 "
,
,
17/10/2003,"£89,000.00 "
,
,
19/12/2003,"£67,500.00 "
,
,
23/09/2003,"£14,700.00 "
,
,
04/07/2003,"£31,875.00 "
,
,
21/11/2003,"£10,200.00 "
,
,
,
16/01/2002,"£321,171.00 "
,
,
28/01/2002,"£24,940.00 "
,
,
11/02/2002,"£40,050 "
,
,
25/04/2002,"£36,500.00 "
,
,
15/04/2002,"£36,500.00 "
,
,
03/04/2002,"£37,900.00 "
,
,
,
23/05/2002,"£49,995.00 "
,
,
,
,
07/03/2002,"£42,500.00 "
,
,
29/03/2002,"£48,000 "
,
,
,
15/01/2002,"£199,000 "
,
,
,
29/01/2002,"£199,000.00 "
,
,
,
30/01/2002,"£210,000 "
,
,
,
08/04/2002,"£121,050.00 "
,
,
25/01/2002,"£100,000 "
,
,
25/01/2002,"£100,000 "
,
,
17/05/2002,"£100,000.00 "
,
,
,
17/05/2002,"£100,000.00 "
,
,
,
23/04/2002,"£93,000.00 "
,
,
,
17/05/2002,"£108,000 "
,
,
,
12/06/2002,"£21,000.00 "
,
,
19/03/2002,"£42,000.00 "
,
,
,
,
22/01/2002,"£44,500.00 "
,
,
22/01/2002,"£44,500.00 "
,
,
,
16/01/2002,"£2,800.00 "
,
,
10/05/2002,"£32,000 "
,
,
28/03/2002,"£45,500.00 "
,
,
,
10/05/2002,"£62,500.00 "
,
,
17/04/2002,"£37,500.00 "
,
,
03/01/2002,"£36,000.00 "
,
,
24/01/2002,"£29,500.00 "
,
,
,
04/02/2002,"£19,500.00 "
,
,
,
10/05/2002,"£15,870 "
,
,
,
08/02/2002,"£165,911.00 "
,
,
04/04/2002,"£23,000.00 "
,
,
18/01/2002,"£11,100.00 "
,
,
13/05/2002,"£18,240.00 "
,
,
,
16/01/2002,"£65,500.00 "
,
,
18/02/2002,"£13,050.00 "
,
,
05/02/2002,"£52,500 "
,
,
18/06/2002,"£148,000.00 "
,
,
,
11/06/2002,"£125,000.00 "
,
,
,
13/05/2002,"£250,000.00 "
,
,
,
11/06/2002,"£195,000.00 "
,
,
,
22/04/2002,"£130,000.00 "
,
,
,
22/05/2002,"£89,000.00 "
,
,
14/01/2002,"£83,000.00 "
,
,
01/02/2002,"£62,000.00 "
,
,
01/02/2002,"£63,950.00 "
,
,
29/01/2002,"£62,950.00 "
,
,
21/01/2002,"£61,950.00 "
,
,
24/07/2002,"£131,888.00 "
,
,
12/12/2002,"£610,000.00 "
,
,
09/10/2002,"£45,500.00 "
,
,
23/07/2002,"£40,500.00 "
,
,
,
10/07/2002,"£97,520.00 "
,
,
08/11/2002,"£62,500.00 "
,
,
01/08/2002,"£13,200.00 "
,
,
23/10/2002,"£14,250.00 "
,
,
19/12/2002,"£36,500.00 "
,
,
06/09/2002,"£49,000 "
,
,
,
04/10/2002,"£55,555.00 "
,
,
,
08/11/2002,"£39,500.00 "
,
,
,
18/10/2002,"£52,000.00 "
,
,
30/12/2002,"£57,100.00 "
,
,
15/08/2002,"£112,000 "
,
,
,
12/11/2002,"£92,000 "
,
,
,
11/07/2002,"£97,000.00 "
,
,
,
30/08/2002,"£97,000.00 "
,
,
,
19/08/2002,"£161,777.00 "
,
,
29/11/2002,"£60,000 "
,
,
11/11/2002,"£46,500.00 "
,
,
,
23/08/2002,"£22,000.00 "
,
,
05/07/2002,"£56,000.00 "
,
,
11/09/2002,"£55,200 "
,
,
05/09/2002,"£59,500.00 "
,
,
04/12/2002,"£150,000.00 "
,
,
02/10/2002,"£47,000.00 "
,
,
16/08/2002,"£18,500 "
,
,
16/08/2002,"£17,500 "
,
,
26/11/2002,"£34,000.00 "
,
,
28/11/2002,"£12,900 "
,
,
,
05/09/2002,"£32,500.00 "
,
,
,
19/07/2002,"£11,550.00 "
,
,
,
19/07/2002,"£155,000.00 "
,
,
18/12/2002,"£73,000.00 "
,
,
04/12/2002,"£98,500.00 "
,
,
03/09/2002,"£25,800.00 "
,
,
29/08/2002,"£11,100.00 "
,
,
,
07/11/2002,"£20,000.00 "
,
,
05/09/2002,"£19,000.00 "
,
,
23/12/2002,"£40,000.00 "
,
,
17/10/2002,"£15,000.00 "
,
,
24/12/2002,"£34,500.00 "
,
,
03/09/2002,"£42,210.00 "
,
,
06/09/2002,"£39,000 "
,
,
24/07/2002,"£210,000 "
,
,
,
24/09/2002,"£112,500.00 "
,
,
,
29/07/2002,"£118,000 "
,
,
,
04/09/2002,"£115,000.00 "
,
,
,
29/11/2002,"£120,667 "
,
,
,
18/01/2001,"£13,800.00 "
,
,
08/02/2001,"£22,360 "
,
,
22/01/2001,"£13,650.00 "
,
,
01/02/2001,"£34,995.00 "
,
,
06/06/2001,"£41,500 "
,
,
,
23/01/2001,"£220,000 "
,
,
23/01/2001,"£60,000 "
,
,
23/01/2001,"£60,000 "
,
,
12/03/2001,"£725,000.00 "
,
,
12/03/2001,"£725,000.00 "
,
,
08/06/2001,"£180,000 "
,
,
20/02/2001,"£12,825.00 "
,
,
21/02/2001,"£38,000.00 "
,
,
,
06/02/2001,"£40,000.00 "
,
,
,
13/02/2001,"£23,600.00 "
,
,
06/04/2001,"£20,200.00 "
,
,
13/02/2001,"£85,500 "
,
,
08/01/2001,"£39,750 "
,
,
28/05/2001,"£46,500 "
,
,
16/01/2001,"£28,250.00 "
,
,
12/01/2001,"£27,100 "
,
,
19/03/2001,"£50,000 "
,
,
16/04/2001,"£39,550.00 "
,
,
22/06/2001,"£40,500.00 "
,
,
06/06/2001,"£44,000.00 "
,
,
05/02/2001,"£4,000.00 "
,
,
26/01/2001,"£9,000.00 "
,
,
07/03/2001,"£33,500.00 "
,
,
,
04/01/2001,"£22,000.00 "
,
,
,
07/02/2001,"£38,000.00 "
,
,
,
13/03/2001,"£37,000.00 "
,
,
,
,
15/05/2001,"£150,000.00 "
,
,
05/01/2001,"£137,000 "
,
,
10/04/2001,"£40,995.00 "
,
,
,
14/05/2001,"£36,995.00 "
,
,
22/05/2001,"£13,050 "
,
,
17/05/2001,"£156,600.00 "
,
,
16/01/2001,"£69,950.00 "
,
,
26/06/2001,"£59,950.00 "
,
,
09/05/2001,"£57,950.00 "
,
,
09/01/2001,"£61,950.00 "
,
,
07/02/2001,"£56,500.00 "
,
,
23/02/2001,"£63,500.00 "
,
,
09/02/2001,"£57,950.00 "
,
,
12/01/2001,"£65,500.00 "
,
,
11/05/2001,"£57,950.00 "
,
,
24/05/2001,"£60,950.00 "
,
,
30/05/2001,"£59,950.00 "
,
,
11/06/2001,"£55,000.00 "
,
,
12/06/2001,"£59,950.00 "
,
,
12/11/2001,"£323,500.00 "
,
,
,
03/12/2001,"£80,000.00 "
,
,
27/08/2001,"£57,950.00 "
,
,
31/07/2001,"£60,000.00 "
,
,
31/08/2001,"£61,950.00 "
,
,
01/10/2001,"£65,500.00 "
,
,
12/09/2001,"£52,950.00 "
,
,
30/08/2001,"£54,950.00 "
,
,
21/08/2001,"£62,500.00 "
,
,
10/10/2001,"£64,950.00 "
,
,
06/07/2001,"£72,950.00 "
,
,
23/07/2001,"£71,950.00 "
,
,
17/10/2001,"£59,950.00 "
,
,
07/08/2001,"£52,950.00 "
,
,
09/08/2001,"£51,950.00 "
,
,
09/07/2001,"£52,950.00 "
,
,
15/10/2001,"£52,950.00 "
,
,
07/08/2001,"£52,950.00 "
,
,
20/07/2001,"£52,950.00 "
,
,
31/07/2001,"£50,000.00 "
,
,
25/07/2001,"£52,950.00 "
,
,
09/07/2001,"£52,950.00 "
,
,
29/10/2001,"£65,500.00 "
,
,
28/09/2001,"£65,000.00 "
,
,
27/11/2001,"£61,950.00 "
,
,
17/10/2001,"£52,950.00 "
,
,
16/10/2001,"£51,950.00 "
,
,
31/10/2001,"£52,950.00 "
,
,
,
18/10/2001,"£49,950.00 "
,
,
17/10/2001,"£52,950.00 "
,
,
,
08/11/2001,"£54,950.00 "
,
,
12/10/2001,"£52,950.00 "
,
,
07/11/2001,"£62,950.00 "
,
,
05/11/2001,"£53,500.00 "
,
,
04/12/2001,"£52,995.00 "
,
,
16/11/2001,"£62,950.00 "
,
,
12/11/2001,"£52,950.00 "
,
,
05/12/2001,"£63,950.00 "
,
,
22/11/2001,"£52,500.00 "
,
,
06/12/2001,"£66,650.00 "
,
,
18/12/2001,"£62,950 "
,
,
27/11/2001,"£52,950.00 "
,
,
12/12/2001,"£72,950.00 "
,
,
01/11/2001,"£53,500.00 "
,
,
04/12/2001,"£72,950.00 "
,
,
15/11/2001,"£53,500.00 "
,
,
07/11/2001,"£52,500.00 "
,
,
10/12/2001,"£54,500.00 "
,
,
04/12/2001,"£54,950.00 "
,
,
14/12/2001,"£54,950.00 "
,
,
17/03/2000,"£212,147.00 "
,
,
21/01/2000,"£100,000 "
,
,
01/03/2000,"£12,750.00 "
,
,
23/03/2000,"£33,500.00 "
,
,
18/02/2000,"£32,000.00 "
,
,
03/03/2000,"£35,000 "
,
,
03/03/2000,"£35,000 "
,
,
03/03/2000,"£35,000 "
,
,
03/03/2000,"£35,000 "
,
,
17/02/2000,"£33,250.00 "
,
,
08/02/2000,"£63,536.00 "
,
,
09/01/2000,"£51,500 "
,
,
13/01/2000,"£72,500 "
,
,
,
21/06/2000,"£1,889,547 "
,
,
,
28/06/2000,"£135,065 "
,
,
21/03/2000,"£15,000 "
,
,
19/06/2000,"£32,500.00 "
,
,
,
11/02/2000,"£39,995 "
,
,
,
05/05/2000,"£46,000.00 "
,
,
03/05/2000,"£38,950.00 "
,
,
19/04/2000,"£43,500 "
,
,
,
09/05/2000,"£41,000.00 "
,
,
,
05/05/2000,"£32,000.00 "
,
,
,
21/02/2000,"£11,400.00 "
,
,
,
19/06/2000,"£21,000 "
,
,
,
26/01/2000,"£85,000.00 "
,
,
19/01/2000,"£240,000 "
,
,
,
28/04/2000,"£420,000 "
,
,
28/04/2000,"£420,000 "
,
,
28/04/2000,"£420,000 "
,
,
28/04/2000,"£420,000 "
,
,
15/01/2000,"£14,000.00 "
,
,
06/04/2000,"£24,500 "
,
,
06/04/2000,"£28,000.00 "
,
,
05/04/2000,"£24,500 "
,
,
06/04/2000,"£26,000 "
,
,
05/04/2000,"£27,000 "
,
,
06/04/2000,"£26,000.00 "
,
,
05/05/2000,"£58,250.00 "
,
,
22/06/2000,"£57,995.00 "
,
,
23/06/2000,"£57,950.00 "
,
,
29/03/2000,"£13,200.00 "
,
,
15/06/2000,"£12,750.00 "
,
,
20/06/2000,"£48,000 "
,
,
03/04/2000,"£12,900 "
,
,
02/05/2000,"£24,840.00 "
,
,
20/04/2000,"£13,000.00 "
,
,
07/02/2000,"£17,500 "
,
,
16/03/2000,"£12,000.00 "
,
,
12/04/2000,"£29,000 "
,
,
11/12/2000,"£47,000.00 "
,
,
23/08/2000,"£48,500.00 "
,
,
04/09/2000,"£98,000.00 "
,
,
01/08/2000,"£60,000 "
,
,
03/07/2000,"£42,000.00 "
,
,
10/07/2000,"£47,995 "
,
,
,
17/07/2000,"£45,750.00 "
,
,
,
,
01/08/2000,"£47,995.00 "
,
,
,
11/07/2000,"£56,500.00 "
,
,
09/10/2000,"£15,600 "
,
,
24/08/2000,"£86,750 "
,
,
04/08/2000,"£59,000.00 "
,
,
15/12/2000,"£107,500 "
,
,
07/07/2000,"£40,500.00 "
,
,
,
,
05/09/2000,"£42,995.00 "
,
,
,
09/11/2000,"£84,000.00 "
,
,
19/09/2000,"£11,100 "
,
,
24/11/2000,"£82,000 "
,
,
18/08/2000,"£40,500.00 "
,
,
16/10/2000,"£91,000.00 "
,
,
12/10/2000,"£41,950 "
,
,
28/11/2000,"£33,000.00 "
,
,
06/11/2000,"£45,000 "
,
,
,
06/11/2000,"£15,000.00 "
,
,
,
03/10/2000,"£16,280.00 "
,
,
,
19/12/2000,"£19,550.00 "
,
,
,
04/10/2000,"£20,000.00 "
,
,
,
22/11/2000,"£43,500.00 "
,
,
,
05/10/2000,"£31,950.00 "
,
,
,
15/11/2000,"£31,500.00 "
,
,
,
06/10/2000,"£21,000 "
,
,
,
14/08/2000,"£121,300 "
,
,
25/10/2000,"£41,000 "
,
,
,
27/07/2000,"£140,500.00 "
,
,
27/11/2000,"£91,500.00 "
,
,
13/09/2000,"£226,794.10 "
,
,
28/11/2000,"£133,000.00 "
,
,
01/11/2000,"£148,000.00 "
,
,
31/07/2000,"£72,250.00 "
,
,
11/10/2000,"£68,950.00 "
,
,
18/08/2000,"£52,950.00 "
,
,
22/09/2000,"£58,950.00 "
,
,
29/11/2000,"£69,950.00 "
,
,
04/08/2000,"£56,495.00 "
,
,
06/07/2000,"£57,995.00 "
,
,
01/12/2000,"£72,950.00 "
,
,
05/12/2000,"£72,950.00 "
,
,
16/10/2000,"£72,950.00 "
,
,
19/10/2000,"£69,995.00 "
,
,
20/12/2000,"£57,950.00 "
,